,TRAIN_MANUAL_MODE,TRAIN_EMERGENCY_MODE,TRAIN_AUTOMATIC_MODE,TRAIN_BRAKE_SIGNAL,TRAIN_LINE,TRAIN_CURRENT_SECTION,TRAIN_IS_SPECIAL_SECTION
TRAIN_MANUAL_MODE,1.0,,-0.23896116759066624,0.03264453057779175,0.012854463960518906,0.007872121500222174,-0.01950400621891408
TRAIN_EMERGENCY_MODE,,,,,,,
TRAIN_AUTOMATIC_MODE,-0.23896116759066624,,1.0,-0.6083257885434136,-0.01827128818554681,-0.032261009214719735,-0.3628785726740943
TRAIN_BRAKE_SIGNAL,0.03264453057779175,,-0.6083257885434136,1.0,0.033864733396719415,0.05191327399690806,0.40751967312662624
TRAIN_LINE,0.012854463960518906,,-0.01827128818554681,0.033864733396719415,1.0,0.9789581666937276,-0.07652179861174543
TRAIN_CURRENT_SECTION,0.007872121500222174,,-0.032261009214719735,0.05191327399690806,0.9789581666937276,1.0,-0.025334888045490642
TRAIN_IS_SPECIAL_SECTION,-0.01950400621891408,,-0.3628785726740943,0.40751967312662624,-0.07652179861174543,-0.025334888045490642,1.0
