k,silhouette,davies_bouldin,kmeans_vs_hier_ari
2,0.4764132159165043,0.9988725702415889,
3,0.535347236483551,1.1957764279753393,0.8106781732078171
4,0.567043233558729,1.0910070302878974,0.7660779952754464
5,0.5867851193477411,0.9902069268466169,
6,0.6045821008500134,0.9450955361540666,
