state,n,pct,median_velocity,median_accel
standing,717211,48.12,0.0,0.0
accelerating,213807,14.34,0.30455875396728516,0.041031837463378906
cruising,257471,17.27,0.8421049118041992,0.0019083023071289062
braking,302008,20.26,0.3431841532389323,-0.03265698750813802
