tier,model,n_features,accuracy,balanced_accuracy,precision_braking,recall_braking,f1_braking,roc_auc
auxonly,dt,60,0.7311291512915129,0.7964065411177772,0.42358221892025755,0.9061614261873857,0.5773050602897621,0.8781698925835189
auxonly,lda,60,0.8199637705467964,0.6211232053592499,0.6206007107646452,0.28680034965961165,0.3923039295613892,0.8129112855070516
auxonly,qda,60,0.5206816504528682,0.6929553610091436,0.29500719733420283,0.9826097321925247,0.4537775548650699,0.8444591257774572
full,dt,180,0.7543616236162362,0.8253585118596729,0.44949491766811395,0.9447299409287171,0.6091575607735632,0.9102961146924402
full,lda,180,0.8773565917477356,0.7264973353784846,0.8581971153846154,0.4728484013668512,0.6097419343819918,0.9240470890771195
full,qda,180,0.8437571284803758,0.7464712273911673,0.6221549944866974,0.5828984662657943,0.6018873085339168,0.9013657374225892
